{"cameraMode":{"drawMode":0,"name":"Shaded","section":"Shading Mode"},"sceneLighting":false,"audioPlay":false,"sceneViewState":{"showFog":true,"showMaterialUpdate":false,"showSkybox":false,"showFlares":true,"showImageEffects":true,"showParticleSystems":true},"in2DMode":false,"pivot":{"x":-0.19074919819831849,"y":-3.45772385597229,"z":9.545026779174805},"rotation":{"x":0.0019014300778508187,"y":0.9932021498680115,"z":-0.11522771418094635,"w":0.016389325261116029},"size":3.5845565795898439,"orthographic":true}